ID,Module,RawData,Insight,Fix
1,Analytics Architecture,"List of IDs (GA4, Adobe, etc.)","Data Truth Fragmentation: Running two tools creates conflicting revenue numbers.","Unify data sources into a single Source of Truth to save SaaS fees."
2,Paid Media Tracking,Dead pixels (Entravision) throwing errors,"The Vampire Audit: Dead pixels slow the site and leak data to old vendors.","Remove legacy tags to improve site speed by 20% and close gaps."
3,Marketing Automation,Form signatures (HubSpot vs Custom),"Lead Pipeline Integrity: Custom forms break attribution; ad ROI is invisible.","Migrate to Native Forms to restore 100% lead-to-ad visibility."
4,Tag Governance,Multiple containers (GTM + Adobe Launch),"Performance Tax: Loading two tag managers is a 400ms delay on every click.","Consolidate into one Server-Side GTM container."
5,Behavioral (CRO),Heatmaps on sensitive pages,"Privacy Liability: You might be recording passwords on the login page.","Audit masking settings to ensure zero financial data is recorded."
6,CMS Infrastructure,Outdated CMS versions,"Security Posture: Old versions expose the brand to defacement attacks.","Patch CMS or move to Headless for bank-grade security."
7,Accessibility,UserWay/AccessiBe widgets,"Compliance Crutch: Widgets don't stop lawsuits if core code is broken.","Implement native accessibility to remove legal risk."
8,Ad Creative,Ad Library Grid & Count,"Competitor Visibility Index: You are invisible compared to active competitors.","Launch a retargeting layer to defend market share."
9,Lead Capture Speed,Form API Response Time (ms),"Revenue Latency: 3s confirmations cause 15% lead abandonment.","Optimize endpoints to get confirmations under 500ms."
10,SEO Technical Health,Missing Meta tags/H1s,"Organic Market Share: Google is guessing your content due to missing tags.","Programmatic SEO fixes to reclaim Top 3 search rankings."
11,Core Web Vitals,LCP and CLS Scores,"User Frustration Score: Layout shifts cause mis-clicks and ad penalties.","Fix layout shifts to lower CPC and improve UX."
12,Security (CSP),Console Errors (Blocked scripts),"Internal Tech Conflict: Paying for tools that IT has already blocked.","Align Marketing tags with IT Security Policy (CSP)."
13,Mobile Experience,Horizontal scroll / Tap targets,"Mobile Conversion Barrier: Login buttons are too small for thumbs.","Redesign tap targets to 48px minimum."
14,Social Graph Integrity,Broken footer links,"Brand Disconnect: Broken social links hurt enterprise credibility.","Audit and fix all social touchpoints."
15,Email Deliverability,Missing DMARC/SPF DNS,"Inbox Placement Risk: Your domain can be spoofed; emails hitting spam.","Implement DMARC Reject policy to protect brand."
